Id,Gender,Percentage
0,Male,17.56296041861553
1,Female,19.669396273324182
