Id,Gender,Percentage
0,Male,13.988626383327091
1,Female,15.709331665741036
